ID,First Name,Last Name,Mail Address,Supervisor ID,Credit Card,Date of Birth,Phone,City,status,marital status
6029359,Jamie,Collins,Jamie.Collins@gmail.com,6085733,4011688626884655,1966/05/29,6708827300,East Nicoleville,a,m
8129099,Travis,Davis,Travis.Davis@gmail.com,7457254,4228928907821268,1974/02/09,5836528603,Lanefurt,a,other
483846,Christopher,Burch,Christopher.Burch@gmail.com,2999920,4652012942023969,1974/12/03,4514529889,South Jennifer,a,s
198196,Eric,Drake,Eric.Drake@gmail.com,8095663,4462984088229552,1915/08/15,6614731153,North Daniel,a,m
2113739,Joshua,Miller,Joshua.Miller@gmail.com,198196,4057466834367143,2013/02/01,6922670141,Shepardbury,a,s
,Nicole,Maldonado,Nicole.Maldonado@gmail.com,6029359,4944917695706800,1952/03/04,9865803889,Lake Stephen,a,m
6004132,James,Young,James.Young@gmail.com,3516862,4010931389038957,1997/05/26,7465283600,New John,a,m
4261665,Benjamin,Johnson,Benjamin.Johnson@gmail.com,5947774,4586034869689680,1948/09/21,3753483231,New Gwendolynburgh,a,m
3182162,Hannah,Richards,Hannah.Richards@gmail.com,1612247,4627120279157334,2018/11/13,3107831093,Paulbury,a,s
4261665,Michael,Burton,Michael.Burton@gmail.com,4759770,4665704156499589,1966/04/07,4556782910,Carpenterton,a,s
6968955,Donna,Buchanan,Donna.Buchanan@gmail.com,2113739,4235728487357910,1997/01/17,3234000651,Ronaldfort,t,s
5268100,Stacey,Williams,Stacey.Williams@gmail.com,483846,4899032576711443,1918/05/26,9514982082,East Arielmouth,t,m
5947774,Megan,Buck,Megan.Buck@gmail.com,4261665,4450607958807108,1925/05/12,2762239567,Transtad,a,s
4759770,Jeffrey,Meyer,Jeffrey.Meyer@gmail.com,15909,4521657151101028,1977/01/20,6369190563,Glassmouth,a,other
8201776,Donna,Johnson,Donna.Johnson@gmail.com,8045306,4289349053894288,1917/12/22,6855781115,Davidsonchester,t,other
4962580,Ashley,Serrano,Ashley.Serrano@gmail.com,5859599,4289441742103914,1998/05/26,3968938349,Reyesshire,t,m
6085733,Anthony,Parks,Anthony.Parks@gmail.com,6968955,4195670785057032,1928/02/16,7352737141,Danielborough,a,m
1612247,Darryl,Hudson,Darryl.Hudson@gmail.com,5516985,4929911952877916,1951/02/02,4304142577,Andrewstad,a,other
6433171,Leslie,Davidson,Leslie.Davidson@gmail.com,4149998,4559577061081992,1932/07/06,2204537216,Diazstad,a,other
6638401,Mercedes,Weaver,Mercedes.Weaver@gmail.com,3742013,4176626723608511,1988/08/05,3806591071,South Randyside,a,other
8095663,Stacy,Adams,Stacy.Adams@gmail.com,1632705,4596716183811077,1922/12/27,9949653971,North Jennifer,a,s
3516862,Shaun,Brooks,Shaun.Brooks@gmail.com,8129099,4246672910089384,2020/02/23,2877082141,Angelicaborough,t,m
3742013,Richard,Jordan,Richard.Jordan@gmail.com,6004132,4339788210480640,2000/08/28,4769615914,South Danielfort,t,m
8045306,James,Boyd,James.Boyd@gmail.com,6638401,4783885276922530,1931/09/09,8308051008,East Danny,t,s
5859599,Jim,Beasley,Jim.Beasley@gmail.com,1985084,4900895885651683,1961/01/23,5345260515,Port Jeffreyburgh,a,s
1985084,Catherine,Evans,Catherine.Evans@gmail.com,8201776,4604447282930333,1927/10/26,3145973420,Harrischester,a,other
2999920,William,Jackson,William.Jackson@gmail.com,5268100,4418050386035284,1934/07/11,4283336885,Josefort,t,s
5516985,Dennis,Russell,Dennis.Russell@gmail.com,3182162,4477343514305986,1990/04/18,4594110482,East Rachelville,a,s
7457254,Selena,Ward,Selena.Ward@gmail.com,4962580,4791001505323843,1921/08/07,5527091471,East Susan,a,m
4149998,Samuel,Hernandez,Samuel.Hernandez@gmail.com,6433171,4700370699886380,1978/09/18,3855495730,Port Amyburgh,a,m
